{"cameraMode":{"drawMode":0,"name":"Shaded","section":"Shading Mode"},"sceneLighting":true,"audioPlay":false,"sceneViewState":{"showFog":true,"showMaterialUpdate":false,"showSkybox":true,"showFlares":true,"showImageEffects":true,"showParticleSystems":true},"in2DMode":false,"pivot":{"x":0.35637378692626955,"y":-6.165855407714844,"z":-0.7325868606567383},"rotation":{"x":0.12135003507137299,"y":-0.8784708380699158,"z":0.31718888878822329,"w":0.3360869586467743},"size":26.489072799682618,"orthographic":false}